category,Earnings Yield
Wed Feb 15 1871,0.0889
Wed Mar 15 1871,0.0868
Sat Apr 15 1871,0.0844
Mon May 15 1871,0.0823
Thu Jun 15 1871,0.083
Sat Jul 15 1871,0.0846
Tue Aug 15 1871,0.0835
Fri Sep 15 1871,0.0826
Sun Oct 15 1871,0.0871
Wed Nov 15 1871,0.0862
Fri Dec 15 1871,0.0844
Mon Jan 15 1872,0.0828
Thu Feb 15 1872,0.083
Fri Mar 15 1872,0.0809
Mon Apr 15 1872,0.0792
Wed May 15 1872,0.0796
Sat Jun 15 1872,0.0809
Mon Jul 15 1872,0.0819
Thu Aug 15 1872,0.0833
Sun Sep 15 1872,0.0854
Tue Oct 15 1872,0.0855
Fri Nov 15 1872,0.0864
Sun Dec 15 1872,0.0848
Wed Jan 15 1873,0.0846
Sat Feb 15 1873,0.0845
Sat Mar 15 1873,0.0856
Tue Apr 15 1873,0.0873
Thu May 15 1873,0.0876
Sun Jun 15 1873,0.0894
Tue Jul 15 1873,0.09
Fri Aug 15 1873,0.0905
Mon Sep 15 1873,0.0986
Wed Oct 15 1873,0.1086
Sat Nov 15 1873,0.1132
Mon Dec 15 1873,0.1041
Thu Jan 15 1874,0.0987
Sun Feb 15 1874,0.0958
Sun Mar 15 1874,0.0973
Wed Apr 15 1874,0.1
Fri May 15 1874,0.1027
Mon Jun 15 1874,0.1031
Wed Jul 15 1874,0.1031
Sat Aug 15 1874,0.1029
Tue Sep 15 1874,0.1013
Thu Oct 15 1874,0.1015
Sun Nov 15 1874,0.1007
Tue Dec 15 1874,0.1013
Fri Jan 15 1875,0.0995
Mon Feb 15 1875,0.0979
Mon Mar 15 1875,0.0948
Thu Apr 15 1875,0.0918
Sat May 15 1875,0.0936
Tue Jun 15 1875,0.0936
Thu Jul 15 1875,0.0915
Sun Aug 15 1875,0.0892
Wed Sep 15 1875,0.0881
Fri Oct 15 1875,0.0876
Mon Nov 15 1875,0.0843
Wed Dec 15 1875,0.0824
Sat Jan 15 1876,0.0792
Tue Feb 15 1876,0.0767
Wed Mar 15 1876,0.0754
Sat Apr 15 1876,0.0768
Mon May 15 1876,0.0782
Thu Jun 15 1876,0.0771
Sat Jul 15 1876,0.0764
Tue Aug 15 1876,0.078
Fri Sep 15 1876,0.0813
Sun Oct 15 1876,0.0799
Wed Nov 15 1876,0.0796
Fri Dec 15 1876,0.0782
Mon Jan 15 1877,0.0794
Thu Feb 15 1877,0.0848
Thu Mar 15 1877,0.0899
Sun Apr 15 1877,0.0975
Tue May 15 1877,0.0981
Fri Jun 15 1877,0.1062
Sun Jul 15 1877,0.1024
Wed Aug 15 1877,0.0962
Sat Sep 15 1877,0.091
Mon Oct 15 1877,0.0896
Thu Nov 15 1877,0.0915
Sat Dec 15 1877,0.0923
Tue Jan 15 1878,0.0926
Fri Feb 15 1878,0.0949
Fri Mar 15 1878,0.0934
Mon Apr 15 1878,0.0911
Wed May 15 1878,0.0911
Sat Jun 15 1878,0.0894
Mon Jul 15 1878,0.0879
Thu Aug 15 1878,0.0889
Sun Sep 15 1878,0.0874
Tue Oct 15 1878,0.0886
Fri Nov 15 1878,0.0891
Sun Dec 15 1878,0.0899
Wed Jan 15 1879,0.0882
Sat Feb 15 1879,0.0867
Sat Mar 15 1879,0.0897
Tue Apr 15 1879,0.0884
Thu May 15 1879,0.0861
Sun Jun 15 1879,0.0871
Tue Jul 15 1879,0.0868
Fri Aug 15 1879,0.0876
Mon Sep 15 1879,0.0859
Wed Oct 15 1879,0.0787
Sat Nov 15 1879,0.0759
Mon Dec 15 1879,0.0772
Thu Jan 15 1880,0.0762
Sun Feb 15 1880,0.0766
Mon Mar 15 1880,0.0769
Thu Apr 15 1880,0.0804
Sat May 15 1880,0.0893
Tue Jun 15 1880,0.0908
Thu Jul 15 1880,0.0887
Sun Aug 15 1880,0.0873
Wed Sep 15 1880,0.0893
Fri Oct 15 1880,0.0885
Mon Nov 15 1880,0.0857
Wed Dec 15 1880,0.0839
Sat Jan 15 1881,0.0785
Tue Feb 15 1881,0.0781
Tue Mar 15 1881,0.0765
Fri Apr 15 1881,0.0761
Sun May 15 1881,0.0722
Wed Jun 15 1881,0.0707
Fri Jul 15 1881,0.0726
Mon Aug 15 1881,0.0737
Thu Sep 15 1881,0.0724
Sat Oct 15 1881,0.0729
Tue Nov 15 1881,0.0718
Thu Dec 15 1881,0.0732
Sun Jan 15 1882,0.0742
Wed Feb 15 1882,0.0757
Wed Mar 15 1882,0.0757
Sat Apr 15 1882,0.0756
Mon May 15 1882,0.0763
Thu Jun 15 1882,0.0766
Sat Jul 15 1882,0.0724
Tue Aug 15 1882,0.0701
Fri Sep 15 1882,0.0693
Sun Oct 15 1882,0.0711
Wed Nov 15 1882,0.0741
Fri Dec 15 1882,0.0736
Mon Jan 15 1883,0.0736
Thu Feb 15 1883,0.0748
Thu Mar 15 1883,0.0735
Sun Apr 15 1883,0.0716
Tue May 15 1883,0.0724
Fri Jun 15 1883,0.0713
Sun Jul 15 1883,0.072
Wed Aug 15 1883,0.075
Sat Sep 15 1883,0.0737
Mon Oct 15 1883,0.0753
Thu Nov 15 1883,0.0737
Sat Dec 15 1883,0.0749
Tue Jan 15 1884,0.0758
Fri Feb 15 1884,0.0724
Sat Mar 15 1884,0.0712
Tue Apr 15 1884,0.0731
Thu May 15 1884,0.078
Sun Jun 15 1884,0.0796
Tue Jul 15 1884,0.0779
Fri Aug 15 1884,0.0717
Mon Sep 15 1884,0.0724
Wed Oct 15 1884,0.0732
Sat Nov 15 1884,0.073
Mon Dec 15 1884,0.0714
Thu Jan 15 1885,0.0723
Sun Feb 15 1885,0.0694
Sun Mar 15 1885,0.0685
Wed Apr 15 1885,0.0679
Fri May 15 1885,0.0679
Mon Jun 15 1885,0.0674
Wed Jul 15 1885,0.0643
Sat Aug 15 1885,0.0601
Tue Sep 15 1885,0.0602
Thu Oct 15 1885,0.0562
Sun Nov 15 1885,0.0522
Tue Dec 15 1885,0.0519
Fri Jan 15 1886,0.0529
Mon Feb 15 1886,0.0528
Mon Mar 15 1886,0.0549
Thu Apr 15 1886,0.0566
Sat May 15 1886,0.0588
Tue Jun 15 1886,0.0571
Thu Jul 15 1886,0.0572
Sun Aug 15 1886,0.0577
Wed Sep 15 1886,0.0572
Fri Oct 15 1886,0.0566
Mon Nov 15 1886,0.0561
Wed Dec 15 1886,0.0585
Sat Jan 15 1887,0.0596
Tue Feb 15 1887,0.0605
Tue Mar 15 1887,0.0595
Fri Apr 15 1887,0.0586
Sun May 15 1887,0.0581
Wed Jun 15 1887,0.0602
Fri Jul 15 1887,0.0622
Mon Aug 15 1887,0.0642
Thu Sep 15 1887,0.0655
Sat Oct 15 1887,0.0683
Tue Nov 15 1887,0.0675
Thu Dec 15 1887,0.0683
Sun Jan 15 1888,0.0662
Wed Feb 15 1888,0.065
Thu Mar 15 1888,0.0659
Sun Apr 15 1888,0.0641
Tue May 15 1888,0.0616
Fri Jun 15 1888,0.0619
Sun Jul 15 1888,0.0587
Wed Aug 15 1888,0.0559
Sat Sep 15 1888,0.053
Mon Oct 15 1888,0.0517
Thu Nov 15 1888,0.0512
Sat Dec 15 1888,0.0506
Tue Jan 15 1889,0.0502
Fri Feb 15 1889,0.0503
Fri Mar 15 1889,0.052
Mon Apr 15 1889,0.0528
Wed May 15 1889,0.052
Sat Jun 15 1889,0.0518
Mon Jul 15 1889,0.0535
Thu Aug 15 1889,0.0534
Sun Sep 15 1889,0.0527
Tue Oct 15 1889,0.0543
Fri Nov 15 1889,0.0555
Sun Dec 15 1889,0.0564
Wed Jan 15 1890,0.0556
Sat Feb 15 1890,0.0561
Sat Mar 15 1890,0.0563
Tue Apr 15 1890,0.055
Thu May 15 1890,0.0526
Sun Jun 15 1890,0.0529
Tue Jul 15 1890,0.0531
Fri Aug 15 1890,0.0542
Mon Sep 15 1890,0.055
Wed Oct 15 1890,0.0574
Sat Nov 15 1890,0.0617
Mon Dec 15 1890,0.063
Thu Jan 15 1891,0.0608
Sun Feb 15 1891,0.0609
Sun Mar 15 1891,0.0629
Wed Apr 15 1891,0.0617
Fri May 15 1891,0.0628
Mon Jun 15 1891,0.0649
Wed Jul 15 1891,0.0669
Sat Aug 15 1891,0.0656
Tue Sep 15 1891,0.0614
Thu Oct 15 1891,0.0622
Sun Nov 15 1891,0.064
Tue Dec 15 1891,0.0628
Fri Jan 15 1892,0.0622
Mon Feb 15 1892,0.0625
Tue Mar 15 1892,0.0623
Fri Apr 15 1892,0.0628
Sun May 15 1892,0.0633
Wed Jun 15 1892,0.0641
Fri Jul 15 1892,0.0645
Mon Aug 15 1892,0.0641
Thu Sep 15 1892,0.0661
Sat Oct 15 1892,0.0653
Tue Nov 15 1892,0.066
Thu Dec 15 1892,0.0672
Sun Jan 15 1893,0.0643
Wed Feb 15 1893,0.0638
Wed Mar 15 1893,0.0645
Sat Apr 15 1893,0.0628
Mon May 15 1893,0.067
Thu Jun 15 1893,0.0683
Sat Jul 15 1893,0.0732
Tue Aug 15 1893,0.0727
Fri Sep 15 1893,0.0658
Sun Oct 15 1893,0.0618
Wed Nov 15 1893,0.0589
Fri Dec 15 1893,0.059
Mon Jan 15 1894,0.0583
Thu Feb 15 1894,0.0555
Thu Mar 15 1894,0.0521
Sun Apr 15 1894,0.0496
Tue May 15 1894,0.0496
Fri Jun 15 1894,0.0484
Sun Jul 15 1894,0.0475
Wed Aug 15 1894,0.0438
Sat Sep 15 1894,0.0413
Mon Oct 15 1894,0.0407
Thu Nov 15 1894,0.0388
Sat Dec 15 1894,0.0372
Tue Jan 15 1895,0.0394
Fri Feb 15 1895,0.0418
Fri Mar 15 1895,0.0436
Mon Apr 15 1895,0.0435
Wed May 15 1895,0.0428
Sat Jun 15 1895,0.0436
Mon Jul 15 1895,0.045
Thu Aug 15 1895,0.0459
Sun Sep 15 1895,0.0472
Tue Oct 15 1895,0.0495
Fri Nov 15 1895,0.0528
Sun Dec 15 1895,0.0579
Wed Jan 15 1896,0.0578
Sat Feb 15 1896,0.0547
Sun Mar 15 1896,0.0548
Wed Apr 15 1896,0.0536
Fri May 15 1896,0.053
Mon Jun 15 1896,0.0532
Wed Jul 15 1896,0.0561
Sat Aug 15 1896,0.0586
Tue Sep 15 1896,0.0549
Thu Oct 15 1896,0.0529
Sun Nov 15 1896,0.0487
Tue Dec 15 1896,0.0498
Fri Jan 15 1897,0.0517
Mon Feb 15 1897,0.0542
Mon Mar 15 1897,0.0561
Thu Apr 15 1897,0.0599
Sat May 15 1897,0.0617
Tue Jun 15 1897,0.0609
Thu Jul 15 1897,0.0602
Sun Aug 15 1897,0.0583
Wed Sep 15 1897,0.0572
Fri Oct 15 1897,0.0609
Mon Nov 15 1897,0.0649
Wed Dec 15 1897,0.0653
Sat Jan 15 1898,0.0642
Tue Feb 15 1898,0.065
Tue Mar 15 1898,0.0688
Fri Apr 15 1898,0.0707
Sun May 15 1898,0.0671
Wed Jun 15 1898,0.0652
Fri Jul 15 1898,0.0656
Mon Aug 15 1898,0.0639
Thu Sep 15 1898,0.0646
Sat Oct 15 1898,0.0667
Tue Nov 15 1898,0.0652
Thu Dec 15 1898,0.0619
Sun Jan 15 1899,0.0593
Wed Feb 15 1899,0.0589
Wed Mar 15 1899,0.0598
Sat Apr 15 1899,0.0607
Mon May 15 1899,0.0651
Thu Jun 15 1899,0.0684
Sat Jul 15 1899,0.0678
Tue Aug 15 1899,0.0678
Fri Sep 15 1899,0.0703
Sun Oct 15 1899,0.0723
Wed Nov 15 1899,0.0726
Fri Dec 15 1899,0.0797
Mon Jan 15 1900,0.0787
Thu Feb 15 1900,0.0773
Thu Mar 15 1900,0.0767
Sun Apr 15 1900,0.0757
Tue May 15 1900,0.0795
Fri Jun 15 1900,0.0819
Sun Jul 15 1900,0.0819
Wed Aug 15 1900,0.0808
Sat Sep 15 1900,0.0828
Mon Oct 15 1900,0.0799
Thu Nov 15 1900,0.0741
Sat Dec 15 1900,0.0699
Tue Jan 15 1901,0.0681
Fri Feb 15 1901,0.0667
Fri Mar 15 1901,0.0646
Mon Apr 15 1901,0.0598
Wed May 15 1901,0.0632
Sat Jun 15 1901,0.0576
Mon Jul 15 1901,0.062
Thu Aug 15 1901,0.0614
Sun Sep 15 1901,0.0619
Tue Oct 15 1901,0.0628
Fri Nov 15 1901,0.0617
Sun Dec 15 1901,0.0629
Wed Jan 15 1902,0.0629
Sat Feb 15 1902,0.0637
Sat Mar 15 1902,0.0649
Tue Apr 15 1902,0.0641
Thu May 15 1902,0.0655
Sun Jun 15 1902,0.0672
Tue Jul 15 1902,0.067
Fri Aug 15 1902,0.0664
Mon Sep 15 1902,0.0675
Wed Oct 15 1902,0.071
Sat Nov 15 1902,0.0751
Mon Dec 15 1902,0.0783
Thu Jan 15 1903,0.0735
Sun Feb 15 1903,0.0729
Sun Mar 15 1903,0.0749
Wed Apr 15 1903,0.077
Fri May 15 1903,0.0774
Mon Jun 15 1903,0.0808
Wed Jul 15 1903,0.0835
Sat Aug 15 1903,0.085
Tue Sep 15 1903,0.0858
Thu Oct 15 1903,0.0873
Sun Nov 15 1903,0.0857
Tue Dec 15 1903,0.0807
Fri Jan 15 1904,0.0788
Mon Feb 15 1904,0.0805
Tue Mar 15 1904,0.0802
Fri Apr 15 1904,0.0778
Sun May 15 1904,0.079
Wed Jun 15 1904,0.0783
Fri Jul 15 1904,0.0747
Mon Aug 15 1904,0.0718
Thu Sep 15 1904,0.0683
Sat Oct 15 1904,0.0641
Tue Nov 15 1904,0.0604
Thu Dec 15 1904,0.0594
Sun Jan 15 1905,0.0599
Wed Feb 15 1905,0.0591
Wed Mar 15 1905,0.0591
Sat Apr 15 1905,0.0615
Mon May 15 1905,0.0665
Thu Jun 15 1905,0.0674
Sat Jul 15 1905,0.0671
Tue Aug 15 1905,0.0663
Fri Sep 15 1905,0.0677
Sun Oct 15 1905,0.0684
Wed Nov 15 1905,0.0704
Fri Dec 15 1905,0.0702
Mon Jan 15 1906,0.0686
Thu Feb 15 1906,0.0699
Thu Mar 15 1906,0.0724
Sun Apr 15 1906,0.0742
Tue May 15 1906,0.0771
Fri Jun 15 1906,0.0769
Sun Jul 15 1906,0.0797
Wed Aug 15 1906,0.075
Sat Sep 15 1906,0.0735
Mon Oct 15 1906,0.0766
Thu Nov 15 1906,0.0758
Sat Dec 15 1906,0.0772
Tue Jan 15 1907,0.0786
Fri Feb 15 1907,0.0803
Fri Mar 15 1907,0.088
Mon Apr 15 1907,0.0866
Wed May 15 1907,0.0887
Sat Jun 15 1907,0.0906
Mon Jul 15 1907,0.0862
Thu Aug 15 1907,0.0921
Sun Sep 15 1907,0.0919
Tue Oct 15 1907,0.1019
Fri Nov 15 1907,0.1069
Sun Dec 15 1907,0.1005
Wed Jan 15 1908,0.0954
Sat Feb 15 1908,0.098
Sun Mar 15 1908,0.0932
Wed Apr 15 1908,0.0875
Fri May 15 1908,0.0821
Mon Jun 15 1908,0.0812
Wed Jul 15 1908,0.0774
Sat Aug 15 1908,0.0735
Tue Sep 15 1908,0.0734
Thu Oct 15 1908,0.0717
Sun Nov 15 1908,0.0664
Tue Dec 15 1908,0.0642
Fri Jan 15 1909,0.0657
Mon Feb 15 1909,0.0693
Mon Mar 15 1909,0.0701
Thu Apr 15 1909,0.0687
Sat May 15 1909,0.068
Tue Jun 15 1909,0.0684
Thu Jul 15 1909,0.0689
Sun Aug 15 1909,0.0688
Wed Sep 15 1909,0.0702
Fri Oct 15 1909,0.0714
Mon Nov 15 1909,0.0732
Wed Dec 15 1909,0.0738
Sat Jan 15 1910,0.0751
Tue Feb 15 1910,0.0777
Tue Mar 15 1910,0.0756
Fri Apr 15 1910,0.0772
Sun May 15 1910,0.0782
Wed Jun 15 1910,0.0819
Fri Jul 15 1910,0.0859
Mon Aug 15 1910,0.0836
Thu Sep 15 1910,0.0828
Sat Oct 15 1910,0.0789
Tue Nov 15 1910,0.0787
Thu Dec 15 1910,0.0807
Sun Jan 15 1911,0.0775
Wed Feb 15 1911,0.0749
Wed Mar 15 1911,0.0746
Sat Apr 15 1911,0.0736
Mon May 15 1911,0.0709
Thu Jun 15 1911,0.0683
Sat Jul 15 1911,0.0673
Tue Aug 15 1911,0.0694
Fri Sep 15 1911,0.0721
Sun Oct 15 1911,0.0703
Wed Nov 15 1911,0.0663
Fri Dec 15 1911,0.0648
Mon Jan 15 1912,0.0657
Thu Feb 15 1912,0.0673
Fri Mar 15 1912,0.0664
Mon Apr 15 1912,0.0653
Wed May 15 1912,0.0664
Sat Jun 15 1912,0.0673
Mon Jul 15 1912,0.0682
Thu Aug 15 1912,0.0676
Sun Sep 15 1912,0.0682
Tue Oct 15 1912,0.0693
Fri Nov 15 1912,0.071
Sun Dec 15 1912,0.0746
Wed Jan 15 1913,0.0746
Sat Feb 15 1913,0.0767
Sat Mar 15 1913,0.0776
Tue Apr 15 1913,0.077
Thu May 15 1913,0.0785
Sun Jun 15 1913,0.0819
Tue Jul 15 1913,0.0801
Fri Aug 15 1913,0.0773
Mon Sep 15 1913,0.0759
Wed Oct 15 1913,0.0777
Sat Nov 15 1913,0.079
Mon Dec 15 1913,0.0784
Thu Jan 15 1914,0.0742
Sun Feb 15 1914,0.0721
Sun Mar 15 1914,0.0724
Wed Apr 15 1914,0.0731
Fri May 15 1914,0.0715
Mon Jun 15 1914,0.0707
Wed Jul 15 1914,0.0737
Sat Aug 15 1914,0.0725
Tue Sep 15 1914,0.0713
Thu Oct 15 1914,0.0701
Sun Nov 15 1914,0.0689
Tue Dec 15 1914,0.0707
Fri Jan 15 1915,0.0735
Mon Feb 15 1915,0.0786
Mon Mar 15 1915,0.0806
Thu Apr 15 1915,0.0786
Sat May 15 1915,0.0843
Tue Jun 15 1915,0.0871
Thu Jul 15 1915,0.0911
Sun Aug 15 1915,0.091
Wed Sep 15 1915,0.0912
Fri Oct 15 1915,0.0897
Mon Nov 15 1915,0.0899
Wed Dec 15 1915,0.0928
Sat Jan 15 1916,0.1001
Tue Feb 15 1916,0.1074
Wed Mar 15 1916,0.1136
Sat Apr 15 1916,0.1209
Mon May 15 1916,0.1242
Thu Jun 15 1916,0.1287
Sat Jul 15 1916,0.1364
Tue Aug 15 1916,0.1412
Fri Sep 15 1916,0.1413
Sun Oct 15 1916,0.1425
Wed Nov 15 1916,0.1446
Fri Dec 15 1916,0.1561
Mon Jan 15 1917,0.1577
Thu Feb 15 1917,0.1648
Thu Mar 15 1917,0.1577
Sun Apr 15 1917,0.1578
Tue May 15 1917,0.1609
Fri Jun 15 1917,0.1554
Sun Jul 15 1917,0.1575
Wed Aug 15 1917,0.1598
Sat Sep 15 1917,0.1654
Mon Oct 15 1917,0.1721
Thu Nov 15 1917,0.1848
Sat Dec 15 1917,0.1882
Tue Jan 15 1918,0.1742
Fri Feb 15 1918,0.1658
Fri Mar 15 1918,0.1659
Mon Apr 15 1918,0.1641
Wed May 15 1918,0.1558
Sat Jun 15 1918,0.1523
Mon Jul 15 1918,0.1479
Thu Aug 15 1918,0.1434
Sun Sep 15 1918,0.141
Tue Oct 15 1918,0.1321
Fri Nov 15 1918,0.1258
Sun Dec 15 1918,0.1253
Wed Jan 15 1919,0.1255
Sat Feb 15 1919,0.1244
Sat Mar 15 1919,0.1201
Tue Apr 15 1919,0.1156
Thu May 15 1919,0.1076
Sun Jun 15 1919,0.1042
Tue Jul 15 1919,0.1004
Fri Aug 15 1919,0.1071
Mon Sep 15 1919,0.1049
Wed Oct 15 1919,0.0993
Sat Nov 15 1919,0.1017
Mon Dec 15 1919,0.1043
Thu Jan 15 1920,0.1041
Sun Feb 15 1920,0.1121
Mon Mar 15 1920,0.1035
Thu Apr 15 1920,0.1031
Sat May 15 1920,0.1087
Tue Jun 15 1920,0.1092
Thu Jul 15 1920,0.108
Sun Aug 15 1920,0.111
Wed Sep 15 1920,0.1058
Fri Oct 15 1920,0.1043
Mon Nov 15 1920,0.1084
Wed Dec 15 1920,0.1175
Sat Jan 15 1921,0.1065
Tue Feb 15 1921,0.1013
Tue Mar 15 1921,0.0977
Fri Apr 15 1921,0.0912
Sun May 15 1921,0.0825
Wed Jun 15 1921,0.0832
Fri Jul 15 1921,0.077
Mon Aug 15 1921,0.0713
Thu Sep 15 1921,0.0632
Sat Oct 15 1921,0.056
Tue Nov 15 1921,0.0471
Thu Dec 15 1921,0.0397
Sun Jan 15 1922,0.0443
Wed Feb 15 1922,0.0478
Wed Mar 15 1922,0.0504
Sat Apr 15 1922,0.0516
Mon May 15 1922,0.0535
Thu Jun 15 1922,0.058
Sat Jul 15 1922,0.0615
Tue Aug 15 1922,0.063
Fri Sep 15 1922,0.0651
Sun Oct 15 1922,0.0673
Wed Nov 15 1922,0.0746
Fri Dec 15 1922,0.0786
Mon Jan 15 1923,0.0802
Thu Feb 15 1923,0.0796
Thu Mar 15 1923,0.0809
Sun Apr 15 1923,0.0865
Tue May 15 1923,0.0935
Fri Jun 15 1923,0.1001
Sun Jul 15 1923,0.1066
Wed Aug 15 1923,0.109
Sat Sep 15 1923,0.1113
Mon Oct 15 1923,0.116
Thu Nov 15 1923,0.1156
Sat Dec 15 1923,0.1146
Tue Jan 15 1924,0.1105
Fri Feb 15 1924,0.1095
Sat Mar 15 1924,0.1112
Tue Apr 15 1924,0.1133
Thu May 15 1924,0.1132
Sun Jun 15 1924,0.1107
Tue Jul 15 1924,0.1053
Fri Aug 15 1924,0.1014
Mon Sep 15 1924,0.1019
Wed Oct 15 1924,0.1028
Sat Nov 15 1924,0.0969
Mon Dec 15 1924,0.0915
Thu Jan 15 1925,0.0904
Sun Feb 15 1925,0.0922
Sun Mar 15 1925,0.0972
Wed Apr 15 1925,0.1009
Fri May 15 1925,0.1002
Mon Jun 15 1925,0.1009
Wed Jul 15 1925,0.1006
Sat Aug 15 1925,0.1016
Tue Sep 15 1925,0.1017
Thu Oct 15 1925,0.1007
Sun Nov 15 1925,0.0998
Tue Dec 15 1925,0.1003
Fri Jan 15 1926,0.0987
Mon Feb 15 1926,0.0985
Mon Mar 15 1926,0.1057
Thu Apr 15 1926,0.1086
Sat May 15 1926,0.1078
Tue Jun 15 1926,0.1028
Thu Jul 15 1926,0.0986
Sun Aug 15 1926,0.0947
Wed Sep 15 1926,0.0932
Fri Oct 15 1926,0.0954
Mon Nov 15 1926,0.0941
Wed Dec 15 1926,0.0919
Sat Jan 15 1927,0.0917
Tue Feb 15 1927,0.0892
Tue Mar 15 1927,0.0871
Fri Apr 15 1927,0.0842
Sun May 15 1927,0.0807
Wed Jun 15 1927,0.0789
Fri Jul 15 1927,0.0765
Mon Aug 15 1927,0.0719
Thu Sep 15 1927,0.0675
Sat Oct 15 1927,0.0679
Tue Nov 15 1927,0.0657
Thu Dec 15 1927,0.0636
Sun Jan 15 1928,0.0646
Wed Feb 15 1928,0.0667
Thu Mar 15 1928,0.0645
Sun Apr 15 1928,0.0619
Tue May 15 1928,0.0611
Fri Jun 15 1928,0.0655
Sun Jul 15 1928,0.0662
Wed Aug 15 1928,0.0652
Sat Sep 15 1928,0.062
Mon Oct 15 1928,0.0618
Thu Nov 15 1928,0.0588
Sat Dec 15 1928,0.0596
Tue Jan 15 1929,0.0563
Fri Feb 15 1929,0.0567
Fri Mar 15 1929,0.0565
Mon Apr 15 1929,0.0576
Wed May 15 1929,0.0575
Sat Jun 15 1929,0.0572
Mon Jul 15 1929,0.0532
Thu Aug 15 1929,0.0509
Sun Sep 15 1929,0.0496
Tue Oct 15 1929,0.0562
Fri Nov 15 1929,0.0773
Sun Dec 15 1929,0.0752
Wed Jan 15 1930,0.0717
Sat Feb 15 1930,0.0651
Sat Mar 15 1930,0.0606
Tue Apr 15 1930,0.0549
Thu May 15 1930,0.0561
Sun Jun 15 1930,0.0599
Tue Jul 15 1930,0.0587
Fri Aug 15 1930,0.0569
Mon Sep 15 1930,0.0544
Wed Oct 15 1930,0.0601
Sat Nov 15 1930,0.0616
Mon Dec 15 1930,0.0625
Thu Jan 15 1931,0.0588
Sun Feb 15 1931,0.0529
Sun Mar 15 1931,0.0502
Wed Apr 15 1931,0.0536
Fri May 15 1931,0.0572
Mon Jun 15 1931,0.057
Wed Jul 15 1931,0.053
Sat Aug 15 1931,0.0525
Tue Sep 15 1931,0.0592
Thu Oct 15 1931,0.0654
Sun Nov 15 1931,0.0616
Tue Dec 15 1931,0.0723
Fri Jan 15 1932,0.0715
Mon Feb 15 1932,0.0701
Tue Mar 15 1932,0.0678
Fri Apr 15 1932,0.0865
Sun May 15 1932,0.0956
Wed Jun 15 1932,0.1069
Fri Jul 15 1932,0.0985
Mon Aug 15 1932,0.0633
Thu Sep 15 1932,0.0557
Sat Oct 15 1932,0.0623
Tue Nov 15 1932,0.0605
Thu Dec 15 1932,0.0601
Sun Jan 15 1933,0.0582
Wed Feb 15 1933,0.0664
Wed Mar 15 1933,0.067
Sat Apr 15 1933,0.061
Mon May 15 1933,0.0476
Thu Jun 15 1933,0.0409
Sat Jul 15 1933,0.0381
Tue Aug 15 1933,0.0403
Fri Sep 15 1933,0.0409
Sun Oct 15 1933,0.0455
Wed Nov 15 1933,0.0447
Fri Dec 15 1933,0.0441
Mon Jan 15 1934,0.0421
Thu Feb 15 1934,0.0396
Thu Mar 15 1934,0.0421
Sun Apr 15 1934,0.0418
Tue May 15 1934,0.047
Fri Jun 15 1934,0.0468
Sun Jul 15 1934,0.0495
Wed Aug 15 1934,0.052
Sat Sep 15 1934,0.0538
Mon Oct 15 1934,0.0538
Thu Nov 15 1934,0.0528
Sat Dec 15 1934,0.0529
Tue Jan 15 1935,0.0616
Fri Feb 15 1935,0.0724
Fri Mar 15 1935,0.0868
Mon Apr 15 1935,0.0837
Wed May 15 1935,0.0803
Sat Jun 15 1935,0.08
Mon Jul 15 1935,0.0745
Thu Aug 15 1935,0.0683
Sun Sep 15 1935,0.0655
Tue Oct 15 1935,0.0638
Fri Nov 15 1935,0.0583
Sun Dec 15 1935,0.0583
Wed Jan 15 1936,0.056
Sat Feb 15 1936,0.0536
Sun Mar 15 1936,0.0532
Wed Apr 15 1936,0.0551
Fri May 15 1936,0.0603
Mon Jun 15 1936,0.0599
Wed Jul 15 1936,0.0578
Sat Aug 15 1936,0.058
Tue Sep 15 1936,0.0586
Thu Oct 15 1936,0.0572
Sun Nov 15 1936,0.0572
Tue Dec 15 1936,0.0598
Fri Jan 15 1937,0.0597
Mon Feb 15 1937,0.0596
Mon Mar 15 1937,0.0614
Thu Apr 15 1937,0.0664
Sat May 15 1937,0.0708
Tue Jun 15 1937,0.0748
Thu Jul 15 1937,0.0716
Sun Aug 15 1937,0.0719
Wed Sep 15 1937,0.0849
Fri Oct 15 1937,0.0969
Mon Nov 15 1937,0.1036
Wed Dec 15 1937,0.1025
Sat Jan 15 1938,0.0952
Tue Feb 15 1938,0.0927
Tue Mar 15 1938,0.0941
Fri Apr 15 1938,0.0913
Sun May 15 1938,0.0838
Wed Jun 15 1938,0.0754
Fri Jul 15 1938,0.0588
Mon Aug 15 1938,0.0544
Thu Sep 15 1938,0.0528
Sat Oct 15 1938,0.048
Tue Nov 15 1938,0.0485
Thu Dec 15 1938,0.0504
Sun Jan 15 1939,0.0531
Wed Feb 15 1939,0.0554
Wed Mar 15 1939,0.0573
Sat Apr 15 1939,0.0671
Mon May 15 1939,0.0662
Thu Jun 15 1939,0.0665
Sat Jul 15 1939,0.0663
Tue Aug 15 1939,0.0687
Fri Sep 15 1939,0.0634
Sun Oct 15 1939,0.0651
Wed Nov 15 1939,0.0687
Fri Dec 15 1939,0.0728
Mon Jan 15 1940,0.0756
Thu Feb 15 1940,0.0786
Fri Mar 15 1940,0.0815
Mon Apr 15 1940,0.082
Wed May 15 1940,0.0967
Sat Jun 15 1940,0.1075
Mon Jul 15 1940,0.1054
Thu Aug 15 1940,0.1046
Sun Sep 15 1940,0.1016
Tue Oct 15 1940,0.0997
Fri Nov 15 1940,0.0965
Sun Dec 15 1940,0.0997
Wed Jan 15 1941,0.0998
Sat Feb 15 1941,0.1068
Sat Mar 15 1941,0.1065
Tue Apr 15 1941,0.111
Thu May 15 1941,0.1145
Sun Jun 15 1941,0.1117
Tue Jul 15 1941,0.1095
Fri Aug 15 1941,0.1133
Mon Sep 15 1941,0.1162
Wed Oct 15 1941,0.12
Sat Nov 15 1941,0.1249
Mon Dec 15 1941,0.1324
Thu Jan 15 1942,0.1254
Sun Feb 15 1942,0.1249
Sun Mar 15 1942,0.1271
Wed Apr 15 1942,0.1301
Fri May 15 1942,0.1261
Mon Jun 15 1942,0.1176
Wed Jul 15 1942,0.1119
Sat Aug 15 1942,0.111
Tue Sep 15 1942,0.1083
Thu Oct 15 1942,0.1041
Sun Nov 15 1942,0.1056
Tue Dec 15 1942,0.1082
Fri Jan 15 1943,0.1034
Mon Feb 15 1943,0.0988
Mon Mar 15 1943,0.0967
Thu Apr 15 1943,0.0944
Sat May 15 1943,0.0917
Tue Jun 15 1943,0.0909
Thu Jul 15 1943,0.0885
Sun Aug 15 1943,0.0926
Wed Sep 15 1943,0.0901
Fri Oct 15 1943,0.087
Mon Nov 15 1943,0.0871
Wed Dec 15 1943,0.0819
Sat Jan 15 1944,0.079
Tue Feb 15 1944,0.0793
Wed Mar 15 1944,0.0769
Sat Apr 15 1944,0.0779
Mon May 15 1944,0.0763
Thu Jun 15 1944,0.0726
Sat Jul 15 1944,0.0703
Tue Aug 15 1944,0.0708
Fri Sep 15 1944,0.0714
Sun Oct 15 1944,0.0705
Wed Nov 15 1944,0.0718
Fri Dec 15 1944,0.071
Mon Jan 15 1945,0.0697
Thu Feb 15 1945,0.0681
Thu Mar 15 1945,0.0689
Sun Apr 15 1945,0.0682
Tue May 15 1945,0.0666
Fri Jun 15 1945,0.0663
Sun Jul 15 1945,0.0674
Wed Aug 15 1945,0.067
Sat Sep 15 1945,0.0625
Mon Oct 15 1945,0.0594
Thu Nov 15 1945,0.0569
Sat Dec 15 1945,0.0554
Tue Jan 15 1946,0.0522
Fri Feb 15 1946,0.0509
Fri Mar 15 1946,0.0513
Mon Apr 15 1946,0.0472
Wed May 15 1946,0.046
Sat Jun 15 1946,0.0452
Mon Jul 15 1946,0.0475
Thu Aug 15 1946,0.0493
Sun Sep 15 1946,0.059
Tue Oct 15 1946,0.0642
Fri Nov 15 1946,0.0683
Sun Dec 15 1946,0.0701
Wed Jan 15 1947,0.0743
Sat Feb 15 1947,0.0759
Sat Mar 15 1947,0.0838
Tue Apr 15 1947,0.0909
Thu May 15 1947,0.0965
Sun Jun 15 1947,0.097
Tue Jul 15 1947,0.0936
Fri Aug 15 1947,0.0979
Mon Sep 15 1947,0.1029
Wed Oct 15 1947,0.1016
Sat Nov 15 1947,0.1041
Mon Dec 15 1947,0.1071
Thu Jan 15 1948,0.1108
Sun Feb 15 1948,0.1189
Mon Mar 15 1948,0.1196
Thu Apr 15 1948,0.1143
Sat May 15 1948,0.1121
Tue Jun 15 1948,0.1106
Thu Jul 15 1948,0.1175
Sun Aug 15 1948,0.1255
Wed Sep 15 1948,0.1313
Fri Oct 15 1948,0.1324
Mon Nov 15 1948,0.145
Wed Dec 15 1948,0.1508
Sat Jan 15 1949,0.151
Tue Feb 15 1949,0.1591
Tue Mar 15 1949,0.1596
Fri Apr 15 1949,0.1603
Sun May 15 1949,0.1619
Wed Jun 15 1949,0.1718
Fri Jul 15 1949,0.1624
Mon Aug 15 1949,0.1565
Thu Sep 15 1949,0.1543
Sat Oct 15 1949,0.1489
Tue Nov 15 1949,0.1455
Thu Dec 15 1949,0.1403
Sun Jan 15 1950,0.1384
Wed Feb 15 1950,0.1367
Wed Mar 15 1950,0.1366
Sat Apr 15 1950,0.136
Mon May 15 1950,0.1347
Thu Jun 15 1950,0.1355
Sat Jul 15 1950,0.1496
Tue Aug 15 1950,0.1443
Fri Sep 15 1950,0.1426
Sun Oct 15 1950,0.1389
Wed Nov 15 1950,0.1412
Fri Dec 15 1950,0.1438
Mon Jan 15 1951,0.1337
Thu Feb 15 1951,0.1288
Thu Mar 15 1951,0.1308
Sun Apr 15 1951,0.1274
Tue May 15 1951,0.1257
Fri Jun 15 1951,0.1262
Sun Jul 15 1951,0.1208
Wed Aug 15 1951,0.1127
Sat Sep 15 1951,0.1069
Mon Oct 15 1951,0.1064
Thu Nov 15 1951,0.1085
Sat Dec 15 1951,0.1042
Tue Jan 15 1952,0.1003
Fri Feb 15 1952,0.1016
Sat Mar 15 1952,0.1008
Tue Apr 15 1952,0.1003
Thu May 15 1952,0.0995
Sun Jun 15 1952,0.096
Tue Jul 15 1952,0.0936
Fri Aug 15 1952,0.0935
Mon Sep 15 1952,0.0952
Wed Oct 15 1952,0.0978
Sat Nov 15 1952,0.0954
Mon Dec 15 1952,0.0922
Thu Jan 15 1953,0.0921
Sun Feb 15 1953,0.0936
Sun Mar 15 1953,0.0935
Wed Apr 15 1953,0.0994
Fri May 15 1953,0.1
Mon Jun 15 1953,0.1048
Wed Jul 15 1953,0.1039
Sat Aug 15 1953,0.104
Tue Sep 15 1953,0.1096
Thu Oct 15 1953,0.1058
Sun Nov 15 1953,0.103
Tue Dec 15 1953,0.1011
Fri Jan 15 1954,0.0991
Mon Feb 15 1954,0.0975
Mon Mar 15 1954,0.096
Thu Apr 15 1954,0.0931
Sat May 15 1954,0.0904
Tue Jun 15 1954,0.0905
Thu Jul 15 1954,0.0871
Sun Aug 15 1954,0.0855
Wed Sep 15 1954,0.0836
Fri Oct 15 1954,0.0832
Mon Nov 15 1954,0.0814
Wed Dec 15 1954,0.0792
Sat Jan 15 1955,0.0796
Tue Feb 15 1955,0.0787
Tue Mar 15 1955,0.0811
Fri Apr 15 1955,0.0807
Sun May 15 1955,0.0833
Wed Jun 15 1955,0.0809
Fri Jul 15 1955,0.0771
Mon Aug 15 1955,0.0793
Thu Sep 15 1955,0.0776
Sat Oct 15 1955,0.0831
Tue Nov 15 1955,0.0792
Thu Dec 15 1955,0.0798
Sun Jan 15 1956,0.0825
Wed Feb 15 1956,0.0825
Thu Mar 15 1956,0.0777
Sun Apr 15 1956,0.0762
Tue May 15 1956,0.078
Fri Jun 15 1956,0.0778
Sun Jul 15 1956,0.0728
Wed Aug 15 1956,0.0723
Sat Sep 15 1956,0.0739
Mon Oct 15 1956,0.0745
Thu Nov 15 1956,0.0749
Sat Dec 15 1956,0.0734
Tue Jan 15 1957,0.075
Fri Feb 15 1957,0.0783
Fri Mar 15 1957,0.0772
Mon Apr 15 1957,0.0756
Wed May 15 1957,0.073
Sat Jun 15 1957,0.0719
Mon Jul 15 1957,0.0708
Thu Aug 15 1957,0.0753
Sun Sep 15 1957,0.0789
Tue Oct 15 1957,0.0833
Fri Nov 15 1957,0.0843
Sun Dec 15 1957,0.0836
Wed Jan 15 1958,0.0801
Sat Feb 15 1958,0.078
Sat Mar 15 1958,0.0746
Tue Apr 15 1958,0.0725
Thu May 15 1958,0.0686
Sun Jun 15 1958,0.0655
Tue Jul 15 1958,0.0634
Fri Aug 15 1958,0.0607
Mon Sep 15 1958,0.0588
Wed Oct 15 1958,0.0566
Sat Nov 15 1958,0.055
Mon Dec 15 1958,0.054
Thu Jan 15 1959,0.0533
Sun Feb 15 1959,0.0554
Sun Mar 15 1959,0.0554
Wed Apr 15 1959,0.0562
Fri May 15 1959,0.057
Mon Jun 15 1959,0.0592
Wed Jul 15 1959,0.0571
Sat Aug 15 1959,0.0576
Tue Sep 15 1959,0.0601
Thu Oct 15 1959,0.0599
Sun Nov 15 1959,0.0595
Tue Dec 15 1959,0.0574
Fri Jan 15 1960,0.0584
Mon Feb 15 1960,0.0608
Tue Mar 15 1960,0.0616
Fri Apr 15 1960,0.0601
Sun May 15 1960,0.0598
Wed Jun 15 1960,0.0569
Fri Jul 15 1960,0.0584
Mon Aug 15 1960,0.0578
Thu Sep 15 1960,0.0597
Sat Oct 15 1960,0.0609
Tue Nov 15 1960,0.059
Thu Dec 15 1960,0.0576
Sun Jan 15 1961,0.0538
Wed Feb 15 1961,0.0507
Wed Mar 15 1961,0.0482
Sat Apr 15 1961,0.0466
Mon May 15 1961,0.0459
Thu Jun 15 1961,0.0462
Sat Jul 15 1961,0.0464
Tue Aug 15 1961,0.0449
Fri Sep 15 1961,0.0453
Sun Oct 15 1961,0.0455
Wed Nov 15 1961,0.0442
Fri Dec 15 1961,0.0445
Mon Jan 15 1962,0.0471
Thu Feb 15 1962,0.0471
Thu Mar 15 1962,0.0479
Sun Apr 15 1962,0.05
Tue May 15 1962,0.0546
Fri Jun 15 1962,0.0624
Sun Jul 15 1962,0.0613
Wed Aug 15 1962,0.06
Sat Sep 15 1962,0.0609
Mon Oct 15 1962,0.0637
Thu Nov 15 1962,0.0603
Sat Dec 15 1962,0.0586
Tue Jan 15 1963,0.0566
Fri Feb 15 1963,0.0561
Fri Mar 15 1963,0.0565
Mon Apr 15 1963,0.0546
Wed May 15 1963,0.0541
Sat Jun 15 1963,0.0548
Mon Jul 15 1963,0.0562
Thu Aug 15 1963,0.0552
Sun Sep 15 1963,0.0544
Tue Oct 15 1963,0.0545
Fri Nov 15 1963,0.0551
Sun Dec 15 1963,0.0542
Wed Jan 15 1964,0.0533
Sat Feb 15 1964,0.0533
Sun Mar 15 1964,0.053
Wed Apr 15 1964,0.0529
Fri May 15 1964,0.053
Mon Jun 15 1964,0.054
Wed Jul 15 1964,0.0526
Sat Aug 15 1964,0.0539
Tue Sep 15 1964,0.0536
Thu Oct 15 1964,0.053
Sun Nov 15 1964,0.0529
Tue Dec 15 1964,0.0542
Fri Jan 15 1965,0.0533
Mon Feb 15 1965,0.0534
Mon Mar 15 1965,0.0539
Thu Apr 15 1965,0.0538
Sat May 15 1965,0.0536
Tue Jun 15 1965,0.0569
Thu Jul 15 1965,0.0576
Sun Aug 15 1965,0.057
Wed Sep 15 1965,0.0557
Fri Oct 15 1965,0.0553
Mon Nov 15 1965,0.0556
Wed Dec 15 1965,0.0566
Sat Jan 15 1966,0.0562
Tue Feb 15 1966,0.0571
Tue Mar 15 1966,0.0601
Fri Apr 15 1966,0.0587
Sun May 15 1966,0.0625
Wed Jun 15 1966,0.0634
Fri Jul 15 1966,0.0638
Mon Aug 15 1966,0.0681
Thu Sep 15 1966,0.0708
Sat Oct 15 1966,0.0716
Tue Nov 15 1966,0.0684
Thu Dec 15 1966,0.0682
Sun Jan 15 1967,0.0653
Wed Feb 15 1967,0.0628
Wed Mar 15 1967,0.0609
Sat Apr 15 1967,0.0595
Mon May 15 1967,0.058
Thu Jun 15 1967,0.0583
Sat Jul 15 1967,0.0572
Tue Aug 15 1967,0.0562
Fri Sep 15 1967,0.0553
Sun Oct 15 1967,0.0555
Wed Nov 15 1967,0.0574
Fri Dec 15 1967,0.0559
Mon Jan 15 1968,0.0565
Thu Feb 15 1968,0.0595
Fri Mar 15 1968,0.0611
Mon Apr 15 1968,0.0573
Wed May 15 1968,0.0565
Sat Jun 15 1968,0.0554
Mon Jul 15 1968,0.0558
Thu Aug 15 1968,0.0574
Sun Sep 15 1968,0.0559
Tue Oct 15 1968,0.0548
Fri Nov 15 1968,0.0543
Sun Dec 15 1968,0.0541
Wed Jan 15 1969,0.0567
Sat Feb 15 1969,0.0571
Sat Mar 15 1969,0.0586
Tue Apr 15 1969,0.0575
Thu May 15 1969,0.0558
Sun Jun 15 1969,0.0589
Tue Jul 15 1969,0.0618
Fri Aug 15 1969,0.0624
Mon Sep 15 1969,0.0623
Wed Oct 15 1969,0.0613
Sat Nov 15 1969,0.0605
Mon Dec 15 1969,0.0634
Thu Jan 15 1970,0.0634
Sun Feb 15 1970,0.0652
Sun Mar 15 1970,0.0635
Wed Apr 15 1970,0.0651
Fri May 15 1970,0.0731
Mon Jun 15 1970,0.073
Wed Jul 15 1970,0.0722
Sat Aug 15 1970,0.0695
Tue Sep 15 1970,0.0649
Thu Oct 15 1970,0.0626
Sun Nov 15 1970,0.0618
Tue Dec 15 1970,0.057
Fri Jan 15 1971,0.0552
Mon Feb 15 1971,0.0534
Mon Mar 15 1971,0.0524
Thu Apr 15 1971,0.051
Sat May 15 1971,0.052
Tue Jun 15 1971,0.0533
Thu Jul 15 1971,0.0541
Sun Aug 15 1971,0.0555
Wed Sep 15 1971,0.0546
Fri Oct 15 1971,0.0567
Mon Nov 15 1971,0.0605
Wed Dec 15 1971,0.0575
Sat Jan 15 1972,0.0555
Tue Feb 15 1972,0.0549
Wed Mar 15 1972,0.0539
Sat Apr 15 1972,0.0539
Mon May 15 1972,0.0549
Thu Jun 15 1972,0.0553
Sat Jul 15 1972,0.0562
Tue Aug 15 1972,0.0548
Fri Sep 15 1972,0.0561
Sun Oct 15 1972,0.0569
Wed Nov 15 1972,0.055
Fri Dec 15 1972,0.0546
Mon Jan 15 1973,0.0553
Thu Feb 15 1973,0.0584
Thu Mar 15 1973,0.0605
Sun Apr 15 1973,0.0629
Tue May 15 1973,0.0661
Fri Jun 15 1973,0.069
Sun Jul 15 1973,0.0698
Wed Aug 15 1973,0.0726
Sat Sep 15 1973,0.0728
Mon Oct 15 1973,0.0715
Thu Nov 15 1973,0.0785
Sat Dec 15 1973,0.0861
Tue Jan 15 1974,0.0856
Fri Feb 15 1974,0.0887
Fri Mar 15 1974,0.0858
Mon Apr 15 1974,0.0918
Wed May 15 1974,0.0961
Sat Jun 15 1974,0.0973
Mon Jul 15 1974,0.1118
Thu Aug 15 1974,0.1182
Sun Sep 15 1974,0.1337
Tue Oct 15 1974,0.1301
Fri Nov 15 1974,0.1249
Sun Dec 15 1974,0.1325
Wed Jan 15 1975,0.1205
Sat Feb 15 1975,0.1073
Sat Mar 15 1975,0.1009
Tue Apr 15 1975,0.0978
Thu May 15 1975,0.0902
Sun Jun 15 1975,0.0861
Tue Jul 15 1975,0.0853
Fri Aug 15 1975,0.0913
Mon Sep 15 1975,0.0916
Wed Oct 15 1975,0.0884
Sat Nov 15 1975,0.0876
Mon Dec 15 1975,0.0897
Thu Jan 15 1976,0.0846
Sun Feb 15 1976,0.0838
Mon Mar 15 1976,0.0857
Thu Apr 15 1976,0.0869
Sat May 15 1976,0.0895
Tue Jun 15 1976,0.0909
Thu Jul 15 1976,0.0897
Sun Aug 15 1976,0.0915
Wed Sep 15 1976,0.0905
Fri Oct 15 1976,0.0949
Mon Nov 15 1976,0.0967
Wed Dec 15 1976,0.0947
Sat Jan 15 1977,0.096
Tue Feb 15 1977,0.0992
Tue Mar 15 1977,0.1002
Fri Apr 15 1977,0.1029
Sun May 15 1977,0.1044
Wed Jun 15 1977,0.1049
Fri Jul 15 1977,0.105
Mon Aug 15 1977,0.1086
Thu Sep 15 1977,0.1113
Sat Oct 15 1977,0.1149
Tue Nov 15 1977,0.1149
Thu Dec 15 1977,0.1161
Sun Jan 15 1978,0.1208
Wed Feb 15 1978,0.1226
Wed Mar 15 1978,0.1229
Sat Apr 15 1978,0.1189
Mon May 15 1978,0.1142
Thu Jun 15 1978,0.115
Sat Jul 15 1978,0.1167
Tue Aug 15 1978,0.1103
Fri Sep 15 1978,0.1114
Sun Oct 15 1978,0.1175
Wed Nov 15 1978,0.1275
Fri Dec 15 1978,0.1283
Mon Jan 15 1979,0.1269
Thu Feb 15 1979,0.1321
Thu Mar 15 1979,0.1329
Sun Apr 15 1979,0.1325
Tue May 15 1979,0.1379
Fri Jun 15 1979,0.1375
Sun Jul 15 1979,0.1382
Wed Aug 15 1979,0.1342
Sat Sep 15 1979,0.1347
Mon Oct 15 1979,0.1407
Thu Nov 15 1979,0.1426
Sat Dec 15 1979,0.1378
Tue Jan 15 1980,0.1353
Fri Feb 15 1980,0.1314
Sat Mar 15 1980,0.146
Tue Apr 15 1980,0.1473
Thu May 15 1980,0.1398
Sun Jun 15 1980,0.1304
Tue Jul 15 1980,0.1239
Fri Aug 15 1980,0.1194
Mon Sep 15 1980,0.1157
Wed Oct 15 1980,0.1129
Sat Nov 15 1980,0.1088
Mon Dec 15 1980,0.111
Thu Jan 15 1981,0.1108
Sun Feb 15 1981,0.1142
Sun Mar 15 1981,0.1095
Wed Apr 15 1981,0.1095
Fri May 15 1981,0.1129
Mon Jun 15 1981,0.1135
Wed Jul 15 1981,0.1169
Sat Aug 15 1981,0.1172
Tue Sep 15 1981,0.1291
Thu Oct 15 1981,0.1277
Sun Nov 15 1981,0.1247
Tue Dec 15 1981,0.1241
Fri Jan 15 1982,0.1294
Mon Feb 15 1982,0.1309
Mon Mar 15 1982,0.1337
Thu Apr 15 1982,0.1255
Sat May 15 1982,0.1236
Tue Jun 15 1982,0.1292
Thu Jul 15 1982,0.1277
Sun Aug 15 1982,0.1255
Wed Sep 15 1982,0.1108
Fri Oct 15 1982,0.0999
Mon Nov 15 1982,0.0937
Wed Dec 15 1982,0.0907
Sat Jan 15 1983,0.0871
Tue Feb 15 1983,0.0851
Tue Mar 15 1983,0.0818
Fri Apr 15 1983,0.0791
Sun May 15 1983,0.0764
Wed Jun 15 1983,0.0757
Fri Jul 15 1983,0.0768
Mon Aug 15 1983,0.0804
Thu Sep 15 1983,0.0795
Sat Oct 15 1983,0.0808
Tue Nov 15 1983,0.0835
Thu Dec 15 1983,0.0853
Sun Jan 15 1984,0.0868
Wed Feb 15 1984,0.0944
Thu Mar 15 1984,0.097
Sun Apr 15 1984,0.0988
Tue May 15 1984,0.1014
Fri Jun 15 1984,0.1058
Sun Jul 15 1984,0.108
Wed Aug 15 1984,0.1
Sat Sep 15 1984,0.0997
Mon Oct 15 1984,0.1006
Thu Nov 15 1984,0.0999
Sat Dec 15 1984,0.1012
Tue Jan 15 1985,0.0965
Fri Feb 15 1985,0.0911
Fri Mar 15 1985,0.0914
Mon Apr 15 1985,0.0893
Wed May 15 1985,0.0858
Sat Jun 15 1985,0.0826
Mon Jul 15 1985,0.0804
Thu Aug 15 1985,0.0816
Sun Sep 15 1985,0.0827
Tue Oct 15 1985,0.0807
Fri Nov 15 1985,0.075
Sun Dec 15 1985,0.0705
Wed Jan 15 1986,0.07
Sat Feb 15 1986,0.0663
Sat Mar 15 1986,0.0625
Tue Apr 15 1986,0.0613
Thu May 15 1986,0.0614
Sun Jun 15 1986,0.06
Tue Jul 15 1986,0.0614
Fri Aug 15 1986,0.0604
Mon Sep 15 1986,0.0623
Wed Oct 15 1986,0.062
Sat Nov 15 1986,0.0596
Mon Dec 15 1986,0.0582
Thu Jan 15 1987,0.0555
Sun Feb 15 1987,0.053
Sun Mar 15 1987,0.0516
Wed Apr 15 1987,0.0514
Fri May 15 1987,0.0507
Mon Jun 15 1987,0.0478
Wed Jul 15 1987,0.048
Sat Aug 15 1987,0.0467
Tue Sep 15 1987,0.0498
Thu Oct 15 1987,0.0586
Sun Nov 15 1987,0.0692
Tue Dec 15 1987,0.0726
Fri Jan 15 1988,0.0713
Mon Feb 15 1988,0.0706
Tue Mar 15 1988,0.07
Fri Apr 15 1988,0.0747
Sun May 15 1988,0.0806
Wed Jun 15 1988,0.0801
Fri Jul 15 1988,0.0818
Mon Aug 15 1988,0.0849
Thu Sep 15 1988,0.0848
Sat Oct 15 1988,0.0832
Tue Nov 15 1988,0.0864
Thu Dec 15 1988,0.0859
Sun Jan 15 1989,0.0847
Wed Feb 15 1989,0.0835
Wed Mar 15 1989,0.0853
Sat Apr 15 1989,0.0829
Mon May 15 1989,0.0801
Thu Jun 15 1989,0.0779
Sat Jul 15 1989,0.0745
Tue Aug 15 1989,0.0698
Fri Sep 15 1989,0.0682
Sun Oct 15 1989,0.0674
Wed Nov 15 1989,0.0681
Fri Dec 15 1989,0.0657
Mon Jan 15 1990,0.0662
Thu Feb 15 1990,0.0668
Thu Mar 15 1990,0.064
Sun Apr 15 1990,0.0637
Tue May 15 1990,0.0611
Fri Jun 15 1990,0.059
Sun Jul 15 1990,0.0595
Wed Aug 15 1990,0.0652
Sat Sep 15 1990,0.0689
Mon Oct 15 1990,0.0704
Thu Nov 15 1990,0.0681
Sat Dec 15 1990,0.0649
Tue Jan 15 1991,0.0651
Fri Feb 15 1991,0.058
Fri Mar 15 1991,0.0561
Mon Apr 15 1991,0.0536
Wed May 15 1991,0.0525
Sat Jun 15 1991,0.0512
Mon Jul 15 1991,0.0495
Thu Aug 15 1991,0.0471
Sun Sep 15 1991,0.046
Tue Oct 15 1991,0.0445
Fri Nov 15 1991,0.043
Sun Dec 15 1991,0.0411
Wed Jan 15 1992,0.0386
Sat Feb 15 1992,0.0391
Sun Mar 15 1992,0.0398
Wed Apr 15 1992,0.0405
Fri May 15 1992,0.0404
Mon Jun 15 1992,0.0418
Wed Jul 15 1992,0.0419
Sat Aug 15 1992,0.0424
Tue Sep 15 1992,0.0431
Thu Oct 15 1992,0.0446
Sun Nov 15 1992,0.0443
Tue Dec 15 1992,0.0438
Fri Jan 15 1993,0.0444
Mon Feb 15 1993,0.0444
Mon Mar 15 1993,0.0441
Thu Apr 15 1993,0.0444
Sat May 15 1993,0.0438
Tue Jun 15 1993,0.0431
Thu Jul 15 1993,0.044
Sun Aug 15 1993,0.0442
Wed Sep 15 1993,0.0444
Fri Oct 15 1993,0.0451
Mon Nov 15 1993,0.0462
Wed Dec 15 1993,0.047
Sat Jan 15 1994,0.0468
Tue Feb 15 1994,0.0476
Tue Mar 15 1994,0.049
Fri Apr 15 1994,0.0526
Sun May 15 1994,0.054
Wed Jun 15 1994,0.0554
Fri Jul 15 1994,0.0574
Mon Aug 15 1994,0.0573
Thu Sep 15 1994,0.0585
Sat Oct 15 1994,0.0613
Tue Nov 15 1994,0.064
Thu Dec 15 1994,0.0672
Sun Jan 15 1995,0.0672
Wed Feb 15 1995,0.0662
Wed Mar 15 1995,0.066
Sat Apr 15 1995,0.0653
Mon May 15 1995,0.0645
Thu Jun 15 1995,0.0638
Sat Jul 15 1995,0.0622
Tue Aug 15 1995,0.0625
Fri Sep 15 1995,0.0608
Sun Oct 15 1995,0.0597
Wed Nov 15 1995,0.0577
Fri Dec 15 1995,0.0553
Mon Jan 15 1996,0.0553
Thu Feb 15 1996,0.0524
Fri Mar 15 1996,0.0526
Mon Apr 15 1996,0.053
Wed May 15 1996,0.0524
Sat Jun 15 1996,0.0522
Mon Jul 15 1996,0.0548
Thu Aug 15 1996,0.0538
Sun Sep 15 1996,0.0533
Tue Oct 15 1996,0.0526
Fri Nov 15 1996,0.0514
Sun Dec 15 1996,0.0521
Wed Jan 15 1997,0.0512
Sat Feb 15 1997,0.0498
Sat Mar 15 1997,0.0508
Tue Apr 15 1997,0.0528
Thu May 15 1997,0.0486
Sun Jun 15 1997,0.0463
Tue Jul 15 1997,0.0439
Fri Aug 15 1997,0.0438
Mon Sep 15 1997,0.0434
Wed Oct 15 1997,0.0424
Sat Nov 15 1997,0.0426
Mon Dec 15 1997,0.0413
Thu Jan 15 1998,0.0412
Sun Feb 15 1998,0.0387
Sun Mar 15 1998,0.0367
Wed Apr 15 1998,0.0354
Fri May 15 1998,0.0353
Mon Jun 15 1998,0.0352
Wed Jul 15 1998,0.0334
Sat Aug 15 1998,0.0357
Tue Sep 15 1998,0.0373
Thu Oct 15 1998,0.0368
Sun Nov 15 1998,0.0331
Tue Dec 15 1998,0.0317
Fri Jan 15 1999,0.0304
Mon Feb 15 1999,0.0306
Mon Mar 15 1999,0.0299
Thu Apr 15 1999,0.0294
Sat May 15 1999,0.0301
Tue Jun 15 1999,0.031
Thu Jul 15 1999,0.0304
Sun Aug 15 1999,0.0324
Wed Sep 15 1999,0.0333
Fri Oct 15 1999,0.0349
Mon Nov 15 1999,0.0336
Wed Dec 15 1999,0.0337
Sat Jan 15 2000,0.0344
Tue Feb 15 2000,0.036
Wed Mar 15 2000,0.0353
Sat Apr 15 2000,0.0351
Mon May 15 2000,0.0364
Thu Jun 15 2000,0.0355
Sat Jul 15 2000,0.0357
Tue Aug 15 2000,0.0358
Fri Sep 15 2000,0.0366
Sun Oct 15 2000,0.0377
Wed Nov 15 2000,0.0372
Fri Dec 15 2000,0.0376
Mon Jan 15 2001,0.0363
Thu Feb 15 2001,0.036
Thu Mar 15 2001,0.0383
Sun Apr 15 2001,0.0358
Tue May 15 2001,0.0312
Fri Jun 15 2001,0.0297
Sun Jul 15 2001,0.0282
Wed Aug 15 2001,0.0264
Sat Sep 15 2001,0.0271
Mon Oct 15 2001,0.0252
Thu Nov 15 2001,0.0229
Sat Dec 15 2001,0.0216
Tue Jan 15 2002,0.0217
Fri Feb 15 2002,0.0224
Fri Mar 15 2002,0.0214
Mon Apr 15 2002,0.0228
Wed May 15 2002,0.0241
Sat Jun 15 2002,0.0264
Mon Jul 15 2002,0.0309
Thu Aug 15 2002,0.0319
Sun Sep 15 2002,0.035
Tue Oct 15 2002,0.0344
Fri Nov 15 2002,0.0313
Sun Dec 15 2002,0.0307
Wed Jan 15 2003,0.0318
Sat Feb 15 2003,0.0351
Sat Mar 15 2003,0.0358
Tue Apr 15 2003,0.0357
Thu May 15 2003,0.0354
Sun Jun 15 2003,0.035
Tue Jul 15 2003,0.0362
Fri Aug 15 2003,0.0376
Mon Sep 15 2003,0.0378
Wed Oct 15 2003,0.0404
Sat Nov 15 2003,0.0432
Mon Dec 15 2003,0.0451
Thu Jan 15 2004,0.044
Sun Feb 15 2004,0.0445
Mon Mar 15 2004,0.0463
Thu Apr 15 2004,0.0471
Sat May 15 2004,0.0497
Tue Jun 15 2004,0.0496
Thu Jul 15 2004,0.0513
Sun Aug 15 2004,0.0526
Wed Sep 15 2004,0.0517
Fri Oct 15 2004,0.0519
Mon Nov 15 2004,0.0499
Wed Dec 15 2004,0.0488
Sat Jan 15 2005,0.0501
Tue Feb 15 2005,0.0498
Tue Mar 15 2005,0.0505
Fri Apr 15 2005,0.0527
Sun May 15 2005,0.0529
Wed Jun 15 2005,0.0527
Fri Jul 15 2005,0.0527
Mon Aug 15 2005,0.0535
Thu Sep 15 2005,0.0543
Sat Oct 15 2005,0.0568
Tue Nov 15 2005,0.0556
Thu Dec 15 2005,0.0554
Sun Jan 15 2006,0.0554
Wed Feb 15 2006,0.0562
Wed Mar 15 2006,0.0562
Sat Apr 15 2006,0.0563
Mon May 15 2006,0.0573
Thu Jun 15 2006,0.0594
Sat Jul 15 2006,0.0602
Tue Aug 15 2006,0.06
Fri Sep 15 2006,0.0596
Sun Oct 15 2006,0.0583
Wed Nov 15 2006,0.058
Fri Dec 15 2006,0.0575
Mon Jan 15 2007,0.0576
Thu Feb 15 2007,0.0572
Thu Mar 15 2007,0.0591
Sun Apr 15 2007,0.0572
Tue May 15 2007,0.0558
Fri Jun 15 2007,0.0561
Sun Jul 15 2007,0.0545
Wed Aug 15 2007,0.0555
Sat Sep 15 2007,0.0525
Mon Oct 15 2007,0.0484
Thu Nov 15 2007,0.0481
Sat Dec 15 2007,0.0447
Tue Jan 15 2008,0.0466
Fri Feb 15 2008,0.046
Sat Mar 15 2008,0.0459
Tue Apr 15 2008,0.0419
Thu May 15 2008,0.0388
Sun Jun 15 2008,0.0383
Tue Jul 15 2008,0.0394
Fri Aug 15 2008,0.0373
Mon Sep 15 2008,0.0378
Wed Oct 15 2008,0.0367
Sat Nov 15 2008,0.0286
Mon Dec 15 2008,0.017
Thu Jan 15 2009,0.0141
Sun Feb 15 2009,0.0118
Sun Mar 15 2009,0.0091
Wed Apr 15 2009,0.0083
Fri May 15 2009,0.0081
Mon Jun 15 2009,0.0081
Wed Jul 15 2009,0.0098
Sat Aug 15 2009,0.0108
Tue Sep 15 2009,0.012
Thu Oct 15 2009,0.0237
Sun Nov 15 2009,0.0351
Tue Dec 15 2009,0.0459
Fri Jan 15 2010,0.0483
Mon Feb 15 2010,0.0529
Mon Mar 15 2010,0.0529
Thu Apr 15 2010,0.0526
Sat May 15 2010,0.0578
Tue Jun 15 2010,0.0619
Thu Jul 15 2010,0.0636
Sun Aug 15 2010,0.0646
Wed Sep 15 2010,0.064
Fri Oct 15 2010,0.0629
Mon Nov 15 2010,0.063
Wed Dec 15 2010,0.0623
Sat Jan 15 2011,0.0613
Tue Feb 15 2011,0.0605
Tue Mar 15 2011,0.0623
Fri Apr 15 2011,0.0617
Sun May 15 2011,0.062
Wed Jun 15 2011,0.0652
Fri Jul 15 2011,0.0641
Mon Aug 15 2011,0.0725
Thu Sep 15 2011,0.0741
Sat Oct 15 2011,0.072
Tue Nov 15 2011,0.0709
Thu Dec 15 2011,0.0699
Sun Jan 15 2012,0.0673
Wed Feb 15 2012,0.0651
Thu Mar 15 2012,0.0637
Sun Apr 15 2012,0.0637
Tue May 15 2012,0.0657
Fri Jun 15 2012,0.0664
Sun Jul 15 2012,0.0643
Wed Aug 15 2012,0.062
Sat Sep 15 2012,0.0599
Mon Oct 15 2012,0.0602
Thu Nov 15 2012,0.062
Sat Dec 15 2012,0.0608
Tue Jan 15 2013,0.0587
Fri Feb 15 2013,0.0577
Fri Mar 15 2013,0.0566
Mon Apr 15 2013,0.0565
Wed May 15 2013,0.0548
Sat Jun 15 2013,0.0562
Mon Jul 15 2013,0.0552
Thu Aug 15 2013,0.0558
Sun Sep 15 2013,0.0559
Tue Oct 15 2013,0.056
Fri Nov 15 2013,0.0551
Sun Dec 15 2013,0.0554
Wed Jan 15 2014,0.0551
Sat Feb 15 2014,0.0554
Sat Mar 15 2014,0.0541
Tue Apr 15 2014,0.0545
Thu May 15 2014,0.0542
Sun Jun 15 2014,0.053
Tue Jul 15 2014,0.0527
Fri Aug 15 2014,0.0535
Mon Sep 15 2014,0.0532
Wed Oct 15 2014,0.0541
Sat Nov 15 2014,0.0506
Mon Dec 15 2014,0.0498
Thu Jan 15 2015,0.0499
Sun Feb 15 2015,0.0482
Sun Mar 15 2015,0.0477
Wed Apr 15 2015,0.0467
Fri May 15 2015,0.0456
Mon Jun 15 2015,0.0452
Wed Jul 15 2015,0.0446
Sat Aug 15 2015,0.0451
Tue Sep 15 2015,0.0466
Thu Oct 15 2015,0.0441
Sun Nov 15 2015,0.0423
Tue Dec 15 2015,0.0421
Fri Jan 15 2016,0.0451
Mon Feb 15 2016,0.0454
Tue Mar 15 2016,0.0428
Fri Apr 15 2016,0.0417
Sun May 15 2016,0.042
Wed Jun 15 2016,0.0417
Fri Jul 15 2016,0.0408
Mon Aug 15 2016,0.0407
Thu Sep 15 2016,0.0413
Sat Oct 15 2016,0.0424
Tue Nov 15 2016,0.0428
Thu Dec 15 2016,0.0421
Sun Jan 15 2017,0.0424
Wed Feb 15 2017,0.0422
Wed Mar 15 2017,0.0424
Sat Apr 15 2017,0.043
Mon May 15 2017,0.0429
Thu Jun 15 2017,0.0427
Sat Jul 15 2017,0.0428
Tue Aug 15 2017,0.0432
Fri Sep 15 2017,0.043
Sun Oct 15 2017,0.0422
Wed Nov 15 2017,0.042
Fri Dec 15 2017,0.0412
Mon Jan 15 2018,0.04
Thu Feb 15 2018,0.042
Thu Mar 15 2018,0.0427
Sun Apr 15 2018,0.0444
Tue May 15 2018,0.0445
Fri Jun 15 2018,0.0445
Sun Jul 15 2018,0.0448
Wed Aug 15 2018,0.0447
Sat Sep 15 2018,0.0449
Mon Oct 15 2018,0.0471
Thu Nov 15 2018,0.0484
Sat Dec 15 2018,0.0516
Tue Jan 15 2019,0.051
Fri Feb 15 2019,0.0485
Fri Mar 15 2019,0.0479
Mon Apr 15 2019,0.0464
Wed May 15 2019,0.0473
Sat Jun 15 2019,0.0468
Mon Jul 15 2019,0.0449
Thu Aug 15 2019,0.0461
Sun Sep 15 2019,0.0446
Tue Oct 15 2019,0.0454
Fri Nov 15 2019,0.0442
Sun Dec 15 2019,0.0439
Wed Jan 15 2020,0.0402
Sat Feb 15 2020,0.0378
Sun Mar 15 2020,0.0439
Wed Apr 15 2020,0.0403
Fri May 15 2020,0.0359
Mon Jun 15 2020,0.032
Wed Jul 15 2020,0.0314
Sat Aug 15 2020,0.0291
Tue Sep 15 2020,0.0292
Thu Oct 15 2020,0.0278
Sun Nov 15 2020,0.0263
Tue Dec 15 2020,0.0246
Fri Jan 15 2021,0.0278
Mon Feb 15 2021,0.0301
Mon Mar 15 2021,0.0328
Thu Apr 15 2021,0.0334
Sat May 15 2021,0.0356
Tue Jun 15 2021,0.0375
Thu Jul 15 2021,0.0377
Sun Aug 15 2021,0.0381
Wed Sep 15 2021,0.0395
Fri Oct 15 2021,0.041
Mon Nov 15 2021,0.0408
Wed Dec 15 2021,0.0423
Sat Jan 15 2022,0.0433
Tue Feb 15 2022,0.0446
Tue Mar 15 2022,0.0451
Fri Apr 15 2022,0.0446
Sun May 15 2022,0.0481
Wed Jun 15 2022,0.0493
Fri Jul 15 2022,0.0487
Mon Aug 15 2022,0.0454
Thu Sep 15 2022,0.0486
Sat Oct 15 2022,0.049
Tue Nov 15 2022,0.0453
Thu Dec 15 2022,0.0442
Sun Jan 15 2023,0.0438
Wed Feb 15 2023,0.0427
Wed Mar 15 2023,0.0441
Sat Apr 15 2023,0.043
Mon May 15 2023,0.0432
Thu Jun 15 2023,0.0417
Sat Jul 15 2023,0.0404
Tue Aug 15 2023,0.041
Fri Sep 15 2023,0.0418
Sun Oct 15 2023,0.0432
Wed Nov 15 2023,0.0413
Fri Dec 15 2023,0.0393
Mon Jan 15 2024,0.0383
Thu Feb 15 2024,0.0368
